Modèle,Test AUC,Test AP,Val AUC,Val AP
Original,0.6292818902709011,0.5744920507039187,0.6345479239252133,0.5778072570437354
Amélioré,0.3724219580446687,0.43824403134246637,0.394756105378816,0.44830376346437034
