Model,Test AUC,Test AP
Original GAE,0.36709730732566215,0.6194376425434704
Improved GAE,0.9337686052045824,0.9618657541233784
